event_type,count,mean,notice_mean
conference,11,2.3636363636363638,113.63636363636364
personal,12,1.0833333333333333,4.583333333333333
sick,45,1.0,0.0
vacation,13,6.923076923076923,44.46153846153846
